"Division";"Classe";"Ordre";"SPECIES_NumSysCPerm";"SPECIES_CPerm";"SPECIES_AphiaID";"SPECIES_NAME";"SELECT_ATL";"SELECT_MAN";"SELECT_MED";"RASTERname_ATL";"RASTERname_MAN";"RASTERname_MED";"Groupe"
"Bryozoa";"Stenolaemata";"Cyclostomatida";"56921111.7205";7205;158351;"Crisia";0;0;0;NA;NA;NA;"Bryozoa"
"Annelida";"Polychaeta";"Sabellida";"39370000.209";209;130595;"Serpulidae";0;0;0;NA;NA;NA;"Annelida"
"Mollusca";"Gastropoda";"Littorinimorpha";"65500000.268";268;138961;"Crepidula fornicata";0;0;0;NA;NA;NA;"Mollusca"
"Porifera";NA;NA;"14500000.7";7;558;"Porifera";0;0;0;NA;NA;NA;"Porifera"
"Cnidaria";"Hydrozoa";"Leptothecata";"23105000.12802";12802;NA;"Diphasia margareta";0;0;0;NA;NA;NA;"Cnidaria"
"Bryozoa";"Gymnolaemata";"Cheilostomatida";"56783500.4762";4762;133147;"Cellaria";0;0;0;NA;NA;NA;"Bryozoa"
"Cnidaria";"Hydrozoa";"Leptothecata";"23000000.6740";6740;1606;"Sertulariidae";0;0;0;NA;NA;NA;"Cnidaria"
"Cnidaria";"Hydrozoa";"Leptothecata";"23200000.11268";11268;134106;"Sertularella";0;0;0;NA;NA;NA;"Cnidaria"
"Cnidaria";"Hydrozoa";NA;"15800001.12";12;1337;"Hydrozoa";0;0;0;NA;NA;NA;"Cnidaria"
"Bryozoa";"Gymnolaemata";"Cheilostomatida";"56774600.6222";6222;134687;"Phidoloporidae";0;0;0;NA;NA;NA;"Bryozoa"
"Bryozoa";"Gymnolaemata";"Cheilostomatida";"56777640.6669";6669;110722;"Pentapora fascialis";0;0;0;NA;NA;NA;"Bryozoa"
"Bryozoa";NA;NA;"56600001.224";224;128545;"Bryozoa";0;0;0;NA;NA;NA;"Bryozoa"
"Cnidaria";"Hydrozoa";"Leptothecata";"23010100.4622";4622;159304;"Abietinaria abietina";0;0;0;NA;NA;NA;"Cnidaria"
"Cnidaria";"Hydrozoa";"Leptothecata";"23701400.6134";6134;532035;"Lytocarpia myriophyllum";0;0;0;NA;NA;NA;"Cnidaria"
"Echinodermata";"Echinoidea";"Camarodonta";"212735200.6130";6130;125796;"Gracilechinus elegans";0;0;0;NA;NA;NA;"Echinodermata"
"Cnidaria";"Hydrozoa";"Leptothecata";"23202000.12820";12820;NA;"Sertularella gayi";0;0;0;NA;NA;NA;"Cnidaria"
"Cnidaria";"Hydrozoa";"Leptothecata";"23700200.4667";4667;107462;"Nemertesia ramosa";0;0;0;NA;NA;NA;"Cnidaria"
"Cnidaria";"Hydrozoa";"Leptothecata";"23700150.4682";4682;132046;"Nemertesia antennina";0;0;0;NA;NA;NA;"Cnidaria"
"Bryozoa";"Gymnolaemata";"Ctenostomatida";"56900000.3974";3974;123320;"Alcyonidium";0;0;0;NA;NA;NA;"Bryozoa"
"Chordata";"Ascidiacea";NA;"217600000.1182";1182;178738;"Ascidiacea";0;0;0;NA;NA;NA;"Chordata"
"Cnidaria";"Hydrozoa";"Leptothecata";"23151000.4685";4685;150457;"Hydrallmania falcata";0;0;0;NA;NA;NA;"Cnidaria"
"Cnidaria";"Anthozoa";"Actiniaria";"28800000.2224";2224;106422;"Actiniaria";0;0;0;NA;NA;NA;"Cnidaria"
"Cnidaria";"Hydrozoa";"Leptothecata";"23700550.12804";12804;NA;"Polyplumaria flabellata";0;0;0;NA;NA;NA;"Cnidaria"
"Cnidaria";"Hydrozoa";"Leptothecata";"23300500.4739";4739;100833;"Sertularia cupressina";0;0;0;NA;NA;NA;"Cnidaria"
"Cnidaria";"Hydrozoa";"Leptothecata";"22501530.4736";4736;1362;"Halecium halecinum";0;0;0;NA;NA;NA;"Cnidaria"
"Cnidaria";"Hydrozoa";"Anthoathecata";"20852112.4687";4687;117809;"Hydractinia echinata";0;0;0;NA;NA;NA;"Cnidaria"
"Porifera";"Demospongiae";"Hadromerida";"15111200.4656";4656;123175;"Suberites ficus";0;0;0;NA;NA;NA;"Porifera"
"Porifera";"Demospongiae";"Halichondrida";"15000550.6129";6129;126539;"Axinella infundibuliformis";0;0;0;NA;NA;NA;"Porifera"
"Porifera";"Demospongiae";"Poecilosclerida";"15508255.12027";12027;NA;"Desmacidon fruticosum";0;0;0;NA;NA;NA;"Porifera"
"Cnidaria";"Hydrozoa";"Leptothecata";"23100000.4638";4638;138855;"Diphasia";0;0;0;NA;NA;NA;"Cnidaria"
"Cnidaria";"Hydrozoa";"Leptothecata";"23405000.7504";7504;117226;"Tamarisca tamarisca";0;0;0;NA;NA;NA;"Cnidaria"
"Bryozoa";"Gymnolaemata";"Cheilostomatida";"56788100.3549";3549;504506;"Flustra foliacea";0;0;0;NA;NA;NA;"Bryozoa"
"Cnidaria";"Anthozoa";"Scleractinia";"28900000.4731";4731;106118;"Scleractinia";0;0;0;NA;NA;NA;"Cnidaria"
"Cnidaria";"Anthozoa";"Zoantharia";"30011200.4418";4418;178639;"Epizoanthus incrustatus";0;0;0;NA;NA;NA;"Cnidaria"
"Annelida";"Polychaeta";NA;"38000000.153";153;129472;"Polychaeta";0;0;0;NA;NA;NA;"Annelida"
"Cnidaria";"Anthozoa";"Alcyonacea";"30821300.4386";4386;107322;"Alcyonium glomeratum";0;0;0;NA;NA;NA;"Cnidaria"
"Cnidaria";"Anthozoa";"Scleractinia";"28921100.7230";7230;135341;"Madrepora oculata";0;0;0;NA;NA;NA;"Cnidaria"
"Bryozoa";"Gymnolaemata";"Cheilostomatida";"56762020.4766";4766;110869;"Porella compressa";0;0;0;NA;NA;NA;"Bryozoa"
"Cnidaria";"Hydrozoa";"Leptothecata";"23100100.12801";12801;NA;"Diphasia alata";0;0;0;NA;NA;NA;"Cnidaria"
"Bryozoa";"Gymnolaemata";"Cheilostomatida";"56600100.6665";6665;91;"Cheilostomatida";0;0;0;NA;NA;NA;"Bryozoa"
"Annelida";"Polychaeta";"Sabellida";"39370315.4646";4646;1269;"Filograna implexa";0;0;0;NA;NA;NA;"Annelida"
"Cnidaria";"Hydrozoa";"Anthoathecata";"20860000.7288";7288;393018;"Stylasteridae";0;0;0;NA;NA;NA;"Cnidaria"
"Cnidaria";"Hydrozoa";"Leptothecata";"23681400.12808";12808;NA;"Schizotricha frutescens";0;0;0;NA;NA;NA;"Cnidaria"
"Cnidaria";NA;NA;"15600000.11";11;1267;"Cnidaria";0;0;0;NA;NA;NA;"Cnidaria"
"Mollusca";"Scaphopoda";"Dentaliida";"110550000.4397";4397;127301;"Antalis";0;0;0;NA;NA;NA;"Mollusca"
"Porifera";"Demospongiae";"Hadromerida";"15310000.4678";4678;100854;"Polymastia";0;0;0;NA;NA;NA;"Porifera"
"Bryozoa";"Gymnolaemata";"Cheilostomatida";"56785300.4647";4647;110358;"Flustridae";0;0;0;NA;NA;NA;"Bryozoa"
"Bryozoa";"Gymnolaemata";"Cheilostomatida";"56789800.4677";4677;100716;"Securiflustra securifrons";0;0;0;NA;NA;NA;"Bryozoa"
"Bryozoa";"Gymnolaemata";"Ctenostomatida";"56900050.4627";4627;100750;"Alcyonidium diaphanum";0;0;0;NA;NA;NA;"Bryozoa"
"Bryozoa";"Gymnolaemata";"Ctenostomatida";"56900300.6228";6228;111448;"Alcyonidium parasiticum";0;0;0;NA;NA;NA;"Bryozoa"
"Cnidaria";"Hydrozoa";"Leptothecata";"23300000.4738";4738;16327;"Sertularia";0;0;0;NA;NA;NA;"Cnidaria"
"Bryozoa";"Gymnolaemata";"Cheilostomatida";"56721010.6223";6223;134705;"Reteporella";0;0;0;NA;NA;NA;"Bryozoa"
"Annelida";"Polychaeta";"Sabellida";"39368700.3875";3875;138478;"Sabellaria";0;0;0;NA;NA;NA;"Annelida"
"Cnidaria";"Hydrozoa";"Leptothecata";"23105500.12805";12805;NA;"Diphasia nigra";0;0;0;NA;NA;NA;"Cnidaria"
"Cnidaria";"Hydrozoa";"Leptothecata";"23700100.4666";4666;106968;"Nemertesia";0;0;0;NA;NA;NA;"Cnidaria"
"Porifera";"Demospongiae";"Astrophorida";"14910100.4754";4754;122478;"Pachymatisma johnstonia";0;0;0;NA;NA;NA;"Porifera"
"Mollusca";"Cephalopoda";"Myopsida";"114250000.490";490;140271;"Loligo forbesii";0;0;0;NA;NA;NA;"Mollusca"
"Mollusca";"Bivalvia";"Pectinoida";"84656100.363";363;138323;"Pecten maximus";0;0;0;NA;NA;NA;"Mollusca"
"Mollusca";"Cephalopoda";"Sepiida";"111500000.468";468;141444;"Sepia elegans";0;0;0;NA;NA;NA;"Mollusca"
"Mollusca";"Cephalopoda";"Sepiida";"111600000.469";469;141443;"Sepia orbignyana";0;0;0;NA;NA;NA;"Mollusca"
"Mollusca";"Cephalopoda";"Oegopsida";"117001000.508";508;140621;"Todaropsis eblanae";0;0;0;NA;NA;NA;"Mollusca"
"Mollusca";"Cephalopoda";"Myopsida";"114400000.491";491;140270;"Alloteuthis";0;0;0;NA;NA;NA;"Mollusca"
"Arthropoda";"Malacostraca";"Decapoda";"191000000.1054";1054;106876;"Cancer pagurus";0;0;0;NA;NA;NA;"Arthropoda"
"Mollusca";"Cephalopoda";"Oegopsida";"116600100.507";507;11760;"Illex coindetii";0;0;0;NA;NA;NA;"Mollusca"
"Arthropoda";"Malacostraca";"Decapoda";"170900000.907";907;106978;"Alpheus glaber";0;0;0;NA;NA;NA;"Arthropoda"
"Echinodermata";"Asteroidea";"Valvatida";"206300000.1145";1145;1806;"Anseropoda placenta";0;0;0;NA;NA;NA;"Echinodermata"
"Echinodermata";"Asteroidea";"Paxillosida";"205021100.7689";7689;206265;"Astropecten irregularis";0;0;0;NA;NA;NA;"Echinodermata"
"Arthropoda";"Malacostraca";"Decapoda";"173900000.932";932;107552;"Crangon allmanni";0;0;0;NA;NA;NA;"Arthropoda"
"Mollusca";"Cephalopoda";"Octopoda";"119200000.522";522;140601;"Eledone cirrhosa";0;0;0;NA;NA;NA;"Mollusca"
"Arthropoda";"Malacostraca";"Decapoda";"193300000.1069";1069;106925;"Liocarcinus depurator";1;0;0;NA;NA;NA;"Arthropoda"
"Arthropoda";"Malacostraca";"Decapoda";"193400000.1070";1070;NA;"Liocarcinus holsatus";0;0;0;NA;NA;NA;"Arthropoda"
"Echinodermata";"Asteroidea";"Paxillosida";"205011200.4414";4414;1762;"Luidia sarsii";0;0;0;NA;NA;NA;"Echinodermata"
"Arthropoda";"Malacostraca";"Decapoda";"200967000.1135";1135;107343;"Macropodia tenuirostris";0;0;0;NA;NA;NA;"Arthropoda"
"Arthropoda";"Malacostraca";"Decapoda";"193950000.1066";1066;106926;"Macropipus tuberculatus";0;0;0;NA;NA;NA;"Arthropoda"
"Arthropoda";"Malacostraca";"Decapoda";"185300000.1016";1016;106835;"Munida rugosa";0;0;0;NA;NA;NA;"Arthropoda"
"Arthropoda";"Malacostraca";"Decapoda";"178804000.949";949;106863;"Nephrops norvegicus";0;0;0;NA;NA;NA;"Arthropoda"
"Echinodermata";"Ophiuroidea";"Ophiurida";"209600100.1155";1155;123117;"Ophiura ophiura";0;0;0;NA;NA;NA;"Echinodermata"
"Arthropoda";"Malacostraca";"Decapoda";"182570000.994";994;106854;"Pagurus prideaux";0;0;0;NA;NA;NA;"Arthropoda"
"Cnidaria";"Anthozoa";"Pennatulacea";"31115000.134";134;125334;"Pennatula phosphorea";1;0;0;NA;NA;NA;"Cnidaria"
"Arthropoda";"Malacostraca";"Decapoda";"174800000.941";941;108207;"Philocheras echinulatus";0;0;0;NA;NA;NA;"Arthropoda"
"Arthropoda";"Malacostraca";"Decapoda";"174100000.934";934;107011;"Pontophilus spinosus";0;0;0;NA;NA;NA;"Arthropoda"
"Arthropoda";"Malacostraca";"Decapoda";"171500000.911";911;106791;"Processa";0;0;0;NA;NA;NA;"Arthropoda"
"Arthropoda";"Malacostraca";"Stomatopoda";"145451121.833";833;136112;"Rissoides desmaresti";0;0;0;NA;NA;NA;"Arthropoda"
"Mollusca";"Gastropoda";"Cephalaspidea";"73350110.318";318;140744;"Scaphander lignarius";0;0;0;NA;NA;NA;"Mollusca"
"Mollusca";"Cephalopoda";"Sepiolida";"112800000.476";476;141448;"Sepiola";0;0;0;NA;NA;NA;"Mollusca"
"Echinodermata";"Asteroidea";"Forcipulatida";"204538100.4660";4660;134285;"Stichastrella rosea";0;0;0;NA;NA;NA;"Echinodermata"
"Cnidaria";"Anthozoa";"Actiniaria";"28832100.4626";4626;117870;"Adamsia carciniopados";0;0;0;NA;NA;NA;"Cnidaria"
"Annelida";"Polychaeta";"Phyllodocida";"38101110.155";155;938;"Aphrodita aculeata";0;0;0;NA;NA;NA;"Annelida"
"Chordata";"Ascidiacea";"Phlebobranchia";"217600600.3943";3943;205010;"Ascidia";0;0;0;NA;NA;NA;"Chordata"
"Echinodermata";"Echinoidea";"Spatangoida";"213150000.2408";2408;123974;"Spatangus purpureus";0;0;0;NA;NA;NA;"Echinodermata"
"Arthropoda";"Malacostraca";"Decapoda";"185260000.1017";1017;107160;"Munida intermedia";0;0;0;NA;NA;NA;"Arthropoda"
"Mollusca";"Gastropoda";"Neogastropoda";"70600000.300";300;137701;"Buccinum undatum";0;0;0;NA;NA;NA;"Mollusca"
"Mollusca";"Cephalopoda";"Sepiolida";"111900000.471";471;11725;"Rossia macrosoma";0;0;0;NA;NA;NA;"Mollusca"
"Echinodermata";"Holothuroidea";"Aspidochirotida";"214720100.1177";1177;123083;"Parastichopus regalis";0;0;0;NA;NA;NA;"Echinodermata"
"Echinodermata";"Asteroidea";"Valvatida";"208456500.7688";7688;415969;"Porania (Porania) pulvillus";0;0;0;NA;NA;NA;"Echinodermata"
"Arthropoda";"Malacostraca";"Decapoda";"200960000.1131";1131;107327;"Macropodia";0;0;0;NA;NA;NA;"Arthropoda"
"Echinodermata";"Ophiuroidea";"Ophiurida";"210801000.3550";3550;NA;"Ophiothrix luetkeni";0;0;0;NA;NA;NA;"Echinodermata"
"Echinodermata";"Ophiuroidea";"Ophiurida";"210450000.4398";4398;126925;"Ophiocomina nigra";0;0;0;NA;NA;NA;"Echinodermata"
"Echinodermata";"Asteroidea";"Paxillosida";"205011100.3009";3009;181504;"Luidia ciliaris";0;0;0;NA;NA;NA;"Echinodermata"
"Annelida";"Polychaeta";"Eunicida";"38401210.3241";3241;275544;"Hyalinoecia tubicola";0;0;0;NA;NA;NA;"Annelida"
"Annelida";"Polychaeta";"Phyllodocida";"38101400.4298";4298;106774;"Laetmonice";0;0;0;NA;NA;NA;"Annelida"
"Echinodermata";"Crinoidea";"Comatulida";"204121000.4211";4211;152370;"Leptometra celtica";0;0;0;NA;NA;NA;"Echinodermata"
"Cnidaria";"Anthozoa";"Pennatulacea";"31031100.6804";6804;123183;"Funiculina quadrangularis";0;0;0;NA;NA;NA;"Cnidaria"
"Mollusca";"Bivalvia";"Arcoida";"81200450.342";342;209;"Glycymeris glycymeris";0;0;0;NA;NA;NA;"Mollusca"
"Arthropoda";"Malacostraca";"Decapoda";"200943000.1128";1128;106905;"Inachus dorsettensis";0;0;0;NA;NA;NA;"Arthropoda"
"Echinodermata";"Asteroidea";"Valvatida";"208200700.11955";11955;439563;"Tethyaster subinermis";0;0;0;NA;NA;NA;"Echinodermata"
"Arthropoda";"Malacostraca";"Decapoda";"190600000.1050";1050;106875;"Atelecyclus rotundatus";0;0;0;NA;NA;NA;"Arthropoda"
"Echinodermata";"Asteroidea";"Forcipulatida";"204535100.1146";1146;123081;"Marthasterias glacialis";0;0;0;NA;NA;NA;"Echinodermata"
"Arthropoda";"Malacostraca";"Decapoda";"178700000.962";962;107062;"Scyllarus arctus";0;0;0;NA;NA;NA;"Arthropoda"
"Arthropoda";"Malacostraca";"Decapoda";"164400000.858";858;106825;"Solenocera membranacea";0;0;0;NA;NA;NA;"Arthropoda"
"Cnidaria";"Anthozoa";"Actiniaria";"28831000.4623";4623;117258;"Actinauge";0;0;0;NA;NA;NA;"Cnidaria"
"Echinodermata";"Crinoidea";"Comatulida";"204112000.7390";7390;158584;"Antedon petasus";0;0;0;NA;NA;NA;"Echinodermata"
"Cnidaria";"Anthozoa";"Actiniaria";"28834100.4378";4378;282196;"Calliactis parasitica";0;0;0;NA;NA;NA;"Cnidaria"
"Echinodermata";"Echinoidea";"Camarodonta";"212735100.4235";4235;103272;"Gracilechinus acutus";0;0;0;NA;NA;NA;"Echinodermata"
"Echinodermata";"Asteroidea";"Spinulosida";"208750000.3577";3577;271073;"Henricia";0;0;0;NA;NA;NA;"Echinodermata"
"Arthropoda";"Malacostraca";"Decapoda";"198400000.1103";1103;107473;"Goneplax rhomboides";0;0;0;NA;NA;NA;"Arthropoda"
"Arthropoda";"Malacostraca";"Decapoda";"193852000.1077";1077;107390;"Polybius henslowii";0;0;0;NA;NA;NA;"Arthropoda"
"Echinodermata";"Asteroidea";"Forcipulatida";"204532100.1148";1148;123985;"Asterias rubens";0;0;0;NA;NA;NA;"Echinodermata"
"Echinodermata";"Echinoidea";"Camarodonta";"212731300.1168";1168;124316;"Echinus esculentus";0;0;0;NA;NA;NA;"Echinodermata"
"Arthropoda";"Malacostraca";"Decapoda";"193800000.1074";1074;107392;"Liocarcinus marmoreus";0;0;0;NA;NA;NA;"Arthropoda"
"Mollusca";"Cephalopoda";"Myopsida";"114200000.489";489;138139;"Loligo vulgaris";0;0;0;NA;NA;NA;"Mollusca"
"Arthropoda";"Malacostraca";"Decapoda";"194100000.1076";1076;107389;"Necora puber";0;0;0;NA;NA;NA;"Arthropoda"
"Arthropoda";"Malacostraca";"Decapoda";"182520000.995";995;107239;"Pagurus bernhardus";0;0;0;NA;NA;NA;"Arthropoda"
"Arthropoda";"Malacostraca";"Decapoda";"182540000.997";997;107240;"Pagurus cuanensis";0;0;0;NA;NA;NA;"Arthropoda"
"Mollusca";"Bivalvia";"Pterioida";"83400000.355";355;1775;"Pteria hirundo";0;0;0;NA;NA;NA;"Mollusca"
"Mollusca";"Gastropoda";"[unassigned] Caenogastropoda";"62400000.250";250;138615;"Turritella communis";0;0;0;NA;NA;NA;"Mollusca"
"Cnidaria";"Anthozoa";"Alcyonacea";"30821200.3021";3021;10527;"Alcyonium digitatum";0;0;0;NA;NA;NA;"Cnidaria"
"Arthropoda";"Malacostraca";"Decapoda";"190700000.1051";1051;107273;"Atelecyclus undecimdentatus";0;0;0;NA;NA;NA;"Arthropoda"
"Echinodermata";"Holothuroidea";NA;"213500000.1174";1174;124318;"Holothuroidea";0;0;0;NA;NA;NA;"Echinodermata"
"Arthropoda";"Malacostraca";"Decapoda";"173800000.931";931;107007;"Crangon crangon";0;0;0;NA;NA;NA;"Arthropoda"
"Echinodermata";"Echinoidea";"Spatangoida";"213161110.1164";1164;236130;"Echinocardium cordatum";0;0;0;NA;NA;NA;"Echinodermata"
"Arthropoda";"Malacostraca";"Decapoda";"193820000.1075";1075;NA;"Liocarcinus vernalis";0;0;0;NA;NA;NA;"Arthropoda"
"Arthropoda";"Malacostraca";"Decapoda";"199113100.1110";1110;107450;"Maja brachydactyla";0;0;0;NA;NA;NA;"Arthropoda"
"Mollusca";"Cephalopoda";"Sepiida";"111400000.467";467;138477;"Sepia officinalis";0;0;0;NA;NA;NA;"Mollusca"
"Mollusca";"Gastropoda";"Littorinimorpha";"64600000.261";261;137656;"Aporrhais pespelecani";0;0;0;NA;NA;NA;"Mollusca"
"Arthropoda";"Malacostraca";"Decapoda";"200966000.1136";1136;107341;"Macropodia rostrata";0;0;0;NA;NA;NA;"Arthropoda"
"Arthropoda";"Malacostraca";"Decapoda";"183900000.1007";1007;107215;"Anapagurus laevis";0;0;0;NA;NA;NA;"Arthropoda"
"Annelida";NA;NA;"37950001.150";150;458878;"Annelida";0;0;0;NA;NA;NA;"Annelida"
"Cnidaria";"Anthozoa";NA;"30700000.2226";2226;1340;"Octocorallia";0;0;0;NA;NA;NA;"Cnidaria"
"Mollusca";"Gastropoda";"Neogastropoda";"70700000.301";301;138878;"Buccinum humphreysianum";0;0;0;NA;NA;NA;"Mollusca"
"Arthropoda";"Malacostraca";"Decapoda";"166650100.3195";3195;125611;"Dichelopandalus bonnieri";0;0;0;NA;NA;NA;"Arthropoda"
"Mollusca";"Gastropoda";"Littorinimorpha";"65620000.7104";7104;23045;"Lamellaria perspicua";0;0;0;NA;NA;NA;"Mollusca"
"Arthropoda";"Malacostraca";"Decapoda";"165800000.868";868;107676;"Pasiphaea sivado";0;0;0;NA;NA;NA;"Arthropoda"
"Arthropoda";"Malacostraca";"Decapoda";"167700000.883";883;107659;"Plesionika heterocarpus";0;0;0;NA;NA;NA;"Arthropoda"
"Mollusca";"Cephalopoda";"Octopoda";"119400000.523";523;140600;"Bathypolypus sponsalis";0;0;0;NA;NA;NA;"Mollusca"
"Arthropoda";"Malacostraca";"Decapoda";"176800000.953";953;107253;"Polycheles typhlops";0;0;0;NA;NA;NA;"Arthropoda"
"Arthropoda";"Malacostraca";"Decapoda";"182550000.999";999;107230;"Pagurus excavatus";0;0;0;NA;NA;NA;"Arthropoda"
"Mollusca";"Bivalvia";"Myoida";"108002500.6674";6674;110827;"Xylophaga dorsalis";0;0;0;NA;NA;NA;"Mollusca"
"Arthropoda";"Malacostraca";"Decapoda";"199111100.1119";1119;107353;"Eurynome aspera";0;0;0;NA;NA;NA;"Arthropoda"
"Echinodermata";"Asteroidea";"Brisingida";"204505111.7197";7197;124048;"Hymenodiscus coronata";0;0;0;NA;NA;NA;"Echinodermata"
"Mollusca";"Gastropoda";"Nudibranchia";"77263100.2418";2418;137914;"Jorunna tomentosa";0;0;0;NA;NA;NA;"Mollusca"
"Arthropoda";"Malacostraca";"Decapoda";"182510000.998";998;107235;"Pagurus alatus";0;0;0;NA;NA;NA;"Arthropoda"
"Cnidaria";"Anthozoa";"Pennatulacea";"31351000.3006";3006;105852;"Pteroeides griseum";1;0;0;"NumSysCPerm_31351000-3006_PRTOGRI_TOTAL_GRIDsurvey.tif";NA;NA;"Cnidaria"
"Mollusca";"Cephalopoda";"Oegopsida";"116900100.509";509;140625;"Todarodes sagittatus";0;0;0;NA;NA;NA;"Mollusca"
"Echinodermata";"Ophiuroidea";"Euryalida";"211300400.6242";6242;124147;"Asteronyx loveni";0;0;0;NA;NA;NA;"Echinodermata"
"Mollusca";"Bivalvia";"Pectinoida";"84000000.361";361;420736;"Pectinidae";0;0;0;NA;NA;NA;"Mollusca"
"Mollusca";"Gastropoda";"Cephalaspidea";"73391100.7098";7098;102926;"Gastropteron rubrum";0;0;0;NA;NA;NA;"Mollusca"
"Echinodermata";"Holothuroidea";"Elasipodida";"215503200.12032";12032;NA;"Laetmogone violacea";0;0;0;NA;NA;NA;"Echinodermata"
"Arthropoda";"Maxillopoda";"Scalpelliformes";"143100000.715";715;106036;"Scalpellum scalpellum";0;0;0;NA;NA;NA;"Arthropoda"
"Arthropoda";"Malacostraca";"Decapoda";"190000000.1044";1044;106750;"Corystes cassivelaunus";0;0;0;NA;NA;NA;"Arthropoda"
"Mollusca";"Bivalvia";"Veneroida";"95300000.387";387;137738;"Laevicardium crassum";0;0;0;NA;NA;NA;"Mollusca"
"Mollusca";"Gastropoda";"Neogastropoda";"71800000.305";305;138235;"Nassarius reticulatus";0;0;0;NA;NA;NA;"Mollusca"
"Mollusca";"Cephalopoda";"Octopoda";"118200000.514";514;138268;"Octopus vulgaris";0;0;0;NA;NA;NA;"Mollusca"
"Echinodermata";"Echinoidea";"Camarodonta";"212611000.1172";1172;124294;"Psammechinus miliaris";0;0;0;NA;NA;NA;"Echinodermata"
"Mollusca";"Bivalvia";"Veneroida";"94500000.380";380;138990;"Acanthocardia echinata";0;0;0;NA;NA;NA;"Mollusca"
"Arthropoda";"Malacostraca";"Decapoda";"172600000.920";920;107614;"Palaemon serratus";0;0;0;NA;NA;NA;"Arthropoda"
"Mollusca";"Gastropoda";"Nudibranchia";"77961500.331";331;137677;"Armina loveni";0;0;0;NA;NA;NA;"Mollusca"
"Echinodermata";"Echinoidea";"Spatangoida";"213400000.4388";4388;107205;"Brissopsis lyrifera";0;0;0;NA;NA;NA;"Echinodermata"
"Arthropoda";"Malacostraca";"Decapoda";"180411000.971";971;106802;"Jaxea nocturna";0;0;0;NA;NA;NA;"Arthropoda"
"Annelida";"Polychaeta";"Terebellida";"39301110.211";211;974;"Sternaspis scutata";0;0;0;NA;NA;NA;"Annelida"
"Arthropoda";"Malacostraca";"Decapoda";"184900000.1012";1012;107154;"Galathea dispersa";0;0;0;NA;NA;NA;"Arthropoda"
"Cnidaria";"Anthozoa";"Scleractinia";"28911100.4385";4385;100834;"Caryophyllia (Caryophyllia) smithii";0;0;0;NA;NA;NA;"Cnidaria"
"Arthropoda";"Malacostraca";"Decapoda";"182530000.7270";7270;1385;"Pagurus carneus";0;0;0;NA;NA;NA;"Arthropoda"
"Arthropoda";"Malacostraca";"Decapoda";"166630100.886";886;107662;"Chlorotocus crassicornis";0;0;0;NA;NA;NA;"Arthropoda"
"Echinodermata";"Asteroidea";"Notomyotida";"205601000.12054";12054;NA;"Benthopectinidae";0;0;0;NA;NA;NA;"Echinodermata"
"Mollusca";"Gastropoda";"Littorinimorpha";"67600000.281";281;139023;"Galeodea rugosa";0;0;0;NA;NA;NA;"Mollusca"
"Arthropoda";"Malacostraca";"Decapoda";"166121000.6807";6807;123188;"Systellaspis debilis";0;0;0;NA;NA;NA;"Arthropoda"
"Echinodermata";"Asteroidea";NA;"204500000.1144";1144;107283;"Asteroidea";0;0;0;NA;NA;NA;"Echinodermata"
"Mollusca";"Bivalvia";"Pectinoida";"84605100.3599";3599;138132;"Pseudamussium clavatum";0;0;0;NA;NA;NA;"Mollusca"
"Mollusca";"Bivalvia";"Veneroida";"99101000.3643";3643;152828;"Arcopagia balaustina";0;0;0;NA;NA;NA;"Mollusca"
"Arthropoda";"Malacostraca";"Decapoda";"178810000.951";951;106862;"Homarus gammarus";0;0;0;NA;NA;NA;"Arthropoda"
"Mollusca";"Cephalopoda";"Octopoda";"118100000.513";513;11782;"Octopus";0;0;0;NA;NA;NA;"Mollusca"
"Mollusca";"Bivalvia";"Pectinoida";"84700160.365";365;140711;"Aequipecten opercularis";0;0;0;NA;NA;NA;"Mollusca"
"Arthropoda";"Malacostraca";"Decapoda";"177300000.958";958;107703;"Palinurus mauritanicus";0;0;0;NA;NA;NA;"Arthropoda"
"Arthropoda";"Malacostraca";"Decapoda";"186900000.1028";1028;106744;"Paromola cuvieri";0;0;0;NA;NA;NA;"Arthropoda"
"Arthropoda";"Malacostraca";"Decapoda";"185200000.1015";1015;107152;"Munida";0;0;0;NA;NA;NA;"Arthropoda"
"Echinodermata";"Echinoidea";"Camarodonta";"212731400.1169";1169;124249;"Echinus melo";0;0;0;NA;NA;NA;"Echinodermata"
"Echinodermata";"Echinoidea";"Camarodonta";"212731000.1167";1167;124392;"Echinus";0;0;0;NA;NA;NA;"Echinodermata"
"Mollusca";NA;NA;"57100001.225";225;146142;"Mollusca";0;0;0;NA;NA;NA;"Mollusca"
"Mollusca";"Gastropoda";"Nudibranchia";"77000001.4410";4410;154;"Nudibranchia";0;0;0;NA;NA;NA;"Mollusca"
"Arthropoda";"Malacostraca";"Decapoda";"191100000.1055";1055;107276;"Cancer bellianus";0;0;0;NA;NA;NA;"Arthropoda"
"Echinodermata";"Asteroidea";"Velatida";"208911200.7287";7287;124402;"Pteraster pulvillus";0;0;0;NA;NA;NA;"Echinodermata"
"Echinodermata";"Asteroidea";"Valvatida";"207700000.3685";3685;141744;"Peltaster placenta";0;0;0;NA;NA;NA;"Echinodermata"
"Echinodermata";"Asteroidea";"Paxillosida";"205022100.6809";6809;128490;"Plutonaster bifrons";0;0;0;NA;NA;NA;"Echinodermata"
"Echinodermata";"Echinoidea";"Cidaroida";"211511100.6812";6812;107027;"Cidaris cidaris";0;0;0;NA;NA;NA;"Echinodermata"
"Arthropoda";"Malacostraca";"Decapoda";"177200000.957";957;107059;"Palinurus elephas";0;0;0;NA;NA;NA;"Arthropoda"
"Chordata";"Ascidiacea";"Stolidobranchia";"217800270.3197";3197;158878;"Styela clava";0;0;0;NA;NA;NA;"Chordata"
"Arthropoda";"Malacostraca";"Decapoda";"195111100.7199";7199;140709;"Distolambrus maltzami";0;0;0;NA;NA;NA;"Arthropoda"
"Echinodermata";"Ophiuroidea";"Ophiurida";"209600200.1156";1156;123200;"Ophiura albida";0;0;0;NA;NA;NA;"Echinodermata"
"Echinodermata";"Holothuroidea";"Aspidochirotida";"214720200.7273";7273;136025;"Parastichopus tremulus";0;0;0;NA;NA;NA;"Echinodermata"
"Chordata";"Ascidiacea";"Aplousobranchia";"217716800.12760";12760;NA;"Diazona violacea";0;0;0;NA;NA;NA;"Chordata"
"Annelida";"Polychaeta";"Spionida";"38704000.7125";7125;893;"Chaetopteridae";0;0;0;NA;NA;NA;"Annelida"
"Mollusca";"Gastropoda";"Nudibranchia";"77511000.7482";7482;10211;"Kaloplocamus ramosus";0;0;0;NA;NA;NA;"Mollusca"
"Mollusca";"Gastropoda";NA;"57300000.226";226;51;"Gastropoda";0;0;0;NA;NA;NA;"Mollusca"
"Arthropoda";"Malacostraca";"Decapoda";"193920000.1064";1064;106920;"Bathynectes maravigna";0;0;0;NA;NA;NA;"Arthropoda"
"Arthropoda";"Pycnogonida";"Pantopoda";"121211656.4665";4665;129714;"Pycnogonum litorale";0;0;0;NA;NA;NA;"Arthropoda"
"Arthropoda";"Malacostraca";"Decapoda";"171510000.914";914;108343;"Processa canaliculata";0;0;0;NA;NA;NA;"Arthropoda"
"Mollusca";"Gastropoda";"Pleurobranchomorpha";"74911100.7486";7486;141710;"Berthella plumula";0;0;0;NA;NA;NA;"Mollusca"
"Mollusca";"Cephalopoda";"Sepiolida";"113250000.7674";7674;141460;"Sepiola pfefferi";0;0;0;NA;NA;NA;"Mollusca"
"Mollusca";"Gastropoda";"Nudibranchia";"77221300.326";326;139623;"Doris pseudoargus";0;0;0;NA;NA;NA;"Mollusca"
"Arthropoda";"Malacostraca";"Decapoda";"185100000.1014";1014;107150;"Galathea nexa";0;0;0;NA;NA;NA;"Arthropoda"
"Arthropoda";"Malacostraca";"Decapoda";"200944000.1126";1126;107316;"Inachus leptochirus";0;0;0;NA;NA;NA;"Arthropoda"
"Mollusca";"Gastropoda";"Littorinimorpha";"65020280.6263";6263;117;"Capulus ungaricus";0;0;0;NA;NA;NA;"Mollusca"
"Arthropoda";"Malacostraca";"Decapoda";"166610000.7201";7201;381759;"Atlantopandalus propinqvus";0;0;0;NA;NA;NA;"Arthropoda"
"Arthropoda";"Malacostraca";"Decapoda";"167750000.884";884;107660;"Plesionika martia";0;0;0;NA;NA;NA;"Arthropoda"
"Echinodermata";"Ophiuroidea";"Ophiurida";"210800000.1158";1158;124929;"Ophiothrix fragilis";0;0;0;NA;NA;NA;"Echinodermata"
"Cnidaria";"Anthozoa";"Actiniaria";"28813400.4734";4734;100987;"Urticina eques";0;0;0;NA;NA;NA;"Cnidaria"
"Arthropoda";"Malacostraca";"Lophogastrida";"146122110.780";780;120056;"Lophogaster typicus";0;0;0;NA;NA;NA;"Arthropoda"
"Mollusca";"Gastropoda";NA;"61211000.246";246;138584;"Calliostoma granulatum";0;0;0;NA;NA;NA;"Mollusca"
"Arthropoda";"Malacostraca";"Decapoda";"169800100.4675";4675;117940;"Spirontocaris lilljeborgii";0;0;0;NA;NA;NA;"Arthropoda"
"Echinodermata";"Echinoidea";"Echinothurioida";"211516000.7334";7334;107248;"Echinothurioida";0;0;0;NA;NA;NA;"Echinodermata"
"Mollusca";"Gastropoda";"Neogastropoda";"71400000.4405";4405;107504;"Neptunea antiqua";0;0;0;NA;NA;NA;"Mollusca"
"Mollusca";"Gastropoda";"Littorinimorpha";"64700000.262";262;138760;"Aporrhais serresianus";0;0;0;NA;NA;NA;"Mollusca"
"Arthropoda";"Malacostraca";"Decapoda";"193930000.4427";4427;126989;"Bathynectes longipes";0;0;0;NA;NA;NA;"Arthropoda"
"Mollusca";"Bivalvia";"Veneroida";"96700000.394";394;138159;"Spisula elliptica";0;0;0;NA;NA;NA;"Mollusca"
"Arthropoda";"Malacostraca";"Decapoda";"167100000.878";878;107044;"Pandalus montagui";0;0;0;NA;NA;NA;"Arthropoda"
"Mollusca";"Bivalvia";"Pectinoida";"84601200.6139";6139;117877;"Palliolum tigerinum";0;0;0;NA;NA;NA;"Mollusca"
"Sipuncula";"Sipunculidea";"Golfingiida";"33513255.6290";6290;101095;"Golfingia (Golfingia) vulgaris vulgaris";0;0;0;NA;NA;NA;"Sipuncula"
"Arthropoda";"Malacostraca";"Decapoda";"199631000.1114";1114;107350;"Hyas coarctatus";0;0;0;NA;NA;NA;"Arthropoda"
"Arthropoda";"Malacostraca";"Decapoda";"197100001.1094";1094;107420;"Monodaeus couchii";0;0;0;NA;NA;NA;"Arthropoda"
"Mollusca";"Bivalvia";"Veneroida";"102700000.427";427;1780;"Glossus humanus";0;0;0;NA;NA;NA;"Mollusca"
"Mollusca";"Bivalvia";"Pectinoida";"86300000.3608";3608;137653;"Anomiidae";0;0;0;NA;NA;NA;"Mollusca"
"Mollusca";"Cephalopoda";"Sepiolida";"111700000.470";470;141445;"Sepiolidae";0;0;0;NA;NA;NA;"Mollusca"
"Mollusca";"Bivalvia";"Mytiloida";"81400000.344";344;211;"Mytilus";0;0;0;NA;NA;NA;"Mollusca"
"Mollusca";"Bivalvia";"Myoida";"108000000.3650";3650;141926;"Barnea candida";0;0;0;NA;NA;NA;"Mollusca"
"Cnidaria";"Anthozoa";"Pennatulacea";"31041100.3007";3007;140545;"Veretillum cynomorium";0;0;0;NA;NA;NA;"Cnidaria"
"Mollusca";"Gastropoda";"Nudibranchia";"77836300.329";329;139561;"Tethys fimbria";0;0;0;NA;NA;NA;"Mollusca"
"Arthropoda";"Malacostraca";"Decapoda";"165700000.867";867;107052;"Pasiphaea multidentata";0;0;0;NA;NA;NA;"Arthropoda"
"Cnidaria";"Anthozoa";NA;"28600001.131";131;135306;"Anthozoa";0;0;0;NA;NA;NA;"Cnidaria"
"Arthropoda";"Malacostraca";"Decapoda";"188503200.1038";1038;107302;"Ebalia tuberosa";0;0;0;NA;NA;NA;"Arthropoda"
"Arthropoda";"Malacostraca";"Decapoda";"185600000.1019";1019;107156;"Munida rutllanti";0;0;0;NA;NA;NA;"Arthropoda"
"Mollusca";"Gastropoda";"Cephalaspidea";"73500000.317";317;138691;"Philine aperta";0;0;0;NA;NA;NA;"Mollusca"
"Mollusca";"Bivalvia";"Mytiloida";"81500000.345";345;138228;"Mytilus edulis";0;0;0;NA;NA;NA;"Mollusca"
"Cnidaria";"Anthozoa";"Zoantharia";"30011500.7327";7327;276250;"Epizoanthus paguriphilus";0;0;0;NA;NA;NA;"Cnidaria"
"Mollusca";"Cephalopoda";"Sepiolida";"113200000.480";480;141456;"Sepiola ligulata";0;0;0;NA;NA;NA;"Mollusca"
"Mollusca";"Bivalvia";"Ostreoida";"88000000.370";370;138298;"Ostrea edulis";0;0;0;NA;NA;NA;"Mollusca"
"Mollusca";"Gastropoda";"Neogastropoda";"69300000.293";293;406135;"Ocenebra erinaceus";0;0;0;NA;NA;NA;"Mollusca"
"Mollusca";"Bivalvia";"Pectinoida";"84706900.367";367;138315;"Mimachlamys varia";0;0;0;NA;NA;NA;"Mollusca"
"Arthropoda";"Pycnogonida";NA;"121200000.528";528;1300;"Pycnogonida";0;0;0;NA;NA;NA;"Arthropoda"
"Mollusca";"Cephalopoda";"Sepiolida";"113800000.486";486;141451;"Sepietta oweniana";0;0;0;NA;NA;NA;"Mollusca"
"Arthropoda";"Malacostraca";"Decapoda";"181100000.2167";2167;125774;"Paguroidea";0;0;0;NA;NA;NA;"Arthropoda"
"Arthropoda";"Malacostraca";"Decapoda";"186600000.1026";1026;107190;"Brachyura";0;0;0;NA;NA;NA;"Arthropoda"
"Arthropoda";"Malacostraca";"Decapoda";"199111000.1118";1118;106912;"Eurynome";0;0;0;NA;NA;NA;"Arthropoda"
NA;NA;"Dendrochirotida";"213900000.3805";3805;154237;"Thyone";0;0;0;NA;NA;NA;NA
"Annelida";"Polychaeta";NA;"39403000.196";196;129914;"Maldanidae";0;0;0;NA;NA;NA;"Annelida"
"Arthropoda";"Malacostraca";"Amphipoda";"154051200.3981";3981;NA;"Haploops";0;0;0;NA;NA;NA;"Arthropoda"
"Sipuncula";"Sipunculidea";"Golfingiida";"33513660.147";147;136031;"Sipunculus (Sipunculus) nudus";0;0;0;NA;NA;NA;"Sipuncula"
"Sipuncula";NA;NA;"33500001.145";145;134980;"Sipuncula";0;0;0;NA;NA;NA;"Sipuncula"
"Echinodermata";"Ophiuroidea";NA;"209000000.1151";1151;123776;"Ophiuroidea";0;0;0;NA;NA;NA;"Echinodermata"
"Arthropoda";"Malacostraca";"Decapoda";"200940000.1125";1125;107317;"Inachus";0;0;0;NA;NA;NA;"Arthropoda"
"Arthropoda";"Malacostraca";"Decapoda";"165400000.864";864;107132;"Caridea";0;0;0;NA;NA;NA;"Arthropoda"
"Mollusca";"Bivalvia";"Ostreoida";"90000000.3614";3614;138752;"Neopycnodonte cochlear";0;0;0;NA;NA;NA;"Mollusca"
"Brachiopoda";"Rhynchonellata";"Terebratulida";"120455200.3671";3671;196378;"Gryphus vitreus";0;0;0;NA;NA;NA;"Brachiopoda"
"Arthropoda";"Malacostraca";"Decapoda";"200931000.1122";1122;107318;"Ergasticus clouei";0;0;0;NA;NA;NA;"Arthropoda"
"Cnidaria";"Anthozoa";"Scleractinia";"28910000.7211";7211;100672;"Caryophylliidae";0;0;0;NA;NA;NA;"Cnidaria"
"Arthropoda";"Malacostraca";"Decapoda";"193100000.1067";1067;107397;"Liocarcinus";0;0;0;NA;NA;NA;"Arthropoda"
"Arthropoda";"Malacostraca";"Decapoda";"178801100.946";946;107719;"Astacidea";0;0;0;NA;NA;NA;"Arthropoda"
"Brachiopoda";"Rhynchonellata";"Terebratulida";"120611000.3672";3672;1803;"Terebratulina retusa";0;0;0;NA;NA;NA;"Brachiopoda"
"Arthropoda";"Malacostraca";"Lophogastrida";"146122100.4089";4089;107041;"Lophogaster";0;0;0;NA;NA;NA;"Arthropoda"
"Echinodermata";"Echinoidea";NA;"211500000.1163";1163;123613;"Echinoidea";0;0;0;NA;NA;NA;"Echinodermata"
"Arthropoda";"Malacostraca";"Decapoda";"188502500.4435";4435;126528;"Ebalia granulosa";0;0;0;NA;NA;NA;"Arthropoda"
"Mollusca";"Bivalvia";"Pterioida";"83100000.353";353;140780;"Atrina pectinata";0;0;0;NA;NA;NA;"Mollusca"
"Arthropoda";"Malacostraca";"Decapoda";"165800500.7329";7329;159493;"Pasiphaea tarda";0;0;0;NA;NA;NA;"Arthropoda"
"Cnidaria";"Anthozoa";"Actiniaria";"28841100.4412";4412;164;"Metridium senile";0;0;0;NA;NA;NA;"Cnidaria"
"Mollusca";"Bivalvia";NA;"78400000.336";336;103;"Bivalvia";0;0;0;NA;NA;NA;"Mollusca"
"Echinodermata";"Asteroidea";"Valvatida";"207590000.7193";7193;138249;"Nymphaster arenatus";0;0;0;NA;NA;NA;"Echinodermata"
"Mollusca";"Bivalvia";"Veneroida";"105700000.3015";3015;123129;"Timoclea ovata";0;0;0;NA;NA;NA;"Mollusca"
"Echinodermata";"Echinoidea";"Camarodonta";"211727730.1173";1173;123389;"Sphaerechinus granularis";0;0;0;NA;NA;NA;"Echinodermata"
"Arthropoda";"Malacostraca";"Decapoda";"186000000.1023";1023;106837;"Pisidia longicornis";0;0;0;NA;NA;NA;"Arthropoda"
"Echinodermata";"Ophiuroidea";"Ophiurida";"210700000.4126";4126;123260;"Ophiothrix";0;0;0;NA;NA;NA;"Echinodermata"
"Mollusca";"Bivalvia";"Pectinoida";"86500000.3609";3609;140235;"Anomia ephippium";0;0;0;NA;NA;NA;"Mollusca"
"Mollusca";"Gastropoda";"Littorinimorpha";"68651500.287";287;141104;"Ranella olearium";0;0;0;NA;NA;NA;"Mollusca"
"Arthropoda";"Maxillopoda";NA;"142600000.712";712;135513;"Cirripedia";0;0;0;NA;NA;NA;"Arthropoda"
"Arthropoda";"Malacostraca";"Decapoda";"192500000.1062";1062;106929;"Portumnus latipes";0;0;0;NA;NA;NA;"Arthropoda"
"Arthropoda";"Malacostraca";"Mysida";"146010000.740";740;1090;"Mysida";0;0;0;NA;NA;NA;"Arthropoda"
"Arthropoda";"Malacostraca";"Decapoda";"191712000.1047";1047;106880;"Thia scutellata";0;0;0;NA;NA;NA;"Arthropoda"
"Mollusca";"Cephalopoda";"Sepiolida";"113000000.478";478;141453;"Sepiola atlantica";0;0;0;NA;NA;NA;"Mollusca"
"Arthropoda";"Malacostraca";"Decapoda";"182500000.993";993;106738;"Pagurus";0;0;0;NA;NA;NA;"Arthropoda"
"Annelida";"Polychaeta";"Sabellida";"39361510.156";156;129840;"Owenia fusiformis";0;0;0;NA;NA;NA;"Annelida"
"Echinodermata";"Echinoidea";"Spatangoida";"212750000.7142";7142;148743;"Spatangoida";0;0;0;NA;NA;NA;"Echinodermata"
"Arthropoda";"Pycnogonida";"Pantopoda";"121211600.6220";6220;1566;"Pycnogonidae";0;0;0;NA;NA;NA;"Arthropoda"
"Arthropoda";"Malacostraca";"Isopoda";"152200000.792";792;1133;"Isopoda";0;0;0;NA;NA;NA;"Arthropoda"
"Mollusca";"Gastropoda";"Neogastropoda";"70400000.298";298;139931;"Buccinidae";0;0;0;NA;NA;NA;"Mollusca"
"Mollusca";"Bivalvia";"Veneroida";"102400000.3646";3646;141576;"Arctica islandica";0;0;0;NA;NA;NA;"Mollusca"
"Mollusca";"Bivalvia";"Veneroida";"94300000.378";378;229;"Acanthocardia";0;0;0;NA;NA;NA;"Mollusca"
"Cnidaria";"Anthozoa";"Alcyonacea";"30821000.3037";3037;967;"Alcyonium";0;0;0;NA;NA;NA;"Cnidaria"
"Echinodermata";"Asteroidea";"Velatida";"208922100.2404";2404;128667;"Crossaster papposus";0;0;0;NA;NA;NA;"Echinodermata"
"Mollusca";"Gastropoda";"Littorinimorpha";"66800000.274";274;140547;"Euspira";0;0;0;NA;NA;NA;"Mollusca"
"Mollusca";"Bivalvia";"Veneroida";"93900100.4632";4632;103471;"Astarte sulcata";0;0;0;NA;NA;NA;"Mollusca"
"Mollusca";"Gastropoda";NA;"61212000.247";247;141753;"Calliostoma zizyphinum";0;0;0;NA;NA;NA;"Mollusca"
"Arthropoda";"Malacostraca";"Decapoda";"165000200.862";862;107125;"Sergia robusta";0;0;0;NA;NA;NA;"Arthropoda"
"Arthropoda";"Malacostraca";"Decapoda";"196600000.1090";1090;107373;"Pilumnus hirtellus";0;0;0;NA;NA;NA;"Arthropoda"
"Arthropoda";"Malacostraca";"Decapoda";"181800000.987";987;106843;"Diogenes pugilator";0;0;0;NA;NA;NA;"Arthropoda"
"Arthropoda";"Malacostraca";"Decapoda";"171620000.4440";4440;106728;"Processa elegantula";0;0;0;NA;NA;NA;"Arthropoda"
"Arthropoda";"Malacostraca";"Decapoda";"185000000.1013";1013;107148;"Galathea intermedia";0;0;0;NA;NA;NA;"Arthropoda"
"Mollusca";"Gastropoda";NA;"61100000.240";240;NA;"Trochidae";0;0;0;NA;NA;NA;"Mollusca"
"Echinodermata";"Ophiuroidea";"Ophiurida";"209600000.1154";1154;123084;"Ophiura";0;0;0;NA;NA;NA;"Echinodermata"
"Arthropoda";"Malacostraca";"Decapoda";"194300000.1058";1058;107278;"Portunidae";0;0;0;NA;NA;NA;"Arthropoda"
"Echinodermata";"Echinoidea";"Spatangoida";"213161114.7283";7283;106695;"Echinocardium pennatifidum";0;0;0;NA;NA;NA;"Echinodermata"
NA;NA;"Dendrochirotida";"214200000.2203";2203;158885;"Leptopentacta elongata";0;0;0;NA;NA;NA;NA
"Annelida";"Clitellata";NA;"51000000.6136";6136;116999;"Hirudinea";0;0;0;NA;NA;NA;"Annelida"
"Echinodermata";"Holothuroidea";"Aspidochirotida";"214655300.12057";12057;NA;"Mesothuria (Allantis) intestinalis";0;0;0;NA;NA;NA;"Echinodermata"
"Cnidaria";"Anthozoa";"Actiniaria";"28813000.2434";2434;138580;"Urticina";0;0;0;NA;NA;NA;"Cnidaria"
"Arthropoda";"Malacostraca";"Decapoda";"183700000.1005";1005;107213;"Anapagurus hyndmanni";0;0;0;NA;NA;NA;"Arthropoda"
"Echinodermata";"Ophiuroidea";"Ophiurida";"211300100.1161";1161;125131;"Acrocnida brachiata";0;0;0;NA;NA;NA;"Echinodermata"
"Annelida";"Polychaeta";"Terebellida";"39358210.203";203;129697;"Lanice conchilega";0;0;0;NA;NA;NA;"Annelida"
"Echinodermata";"Crinoidea";NA;"204011000.1143";1143;107288;"Crinoidea";0;0;0;NA;NA;NA;"Echinodermata"
"Mollusca";"Bivalvia";"Pectinoida";"84605200.4297";4297;106784;"Pseudamussium peslutrae";0;0;0;NA;NA;NA;"Mollusca"
"Brachiopoda";NA;NA;"120000001.3669";3669;139453;"Brachiopoda";0;0;0;NA;NA;NA;"Brachiopoda"
"Echinodermata";"Holothuroidea";"Apodida";"217105300.4396";4396;126634;"Oestergrenia digitata";0;0;0;NA;NA;NA;"Echinodermata"
"Arthropoda";"Malacostraca";"Decapoda";"182560000.1000";1000;107236;"Pagurus forbesii";0;0;0;NA;NA;NA;"Arthropoda"
"Annelida";"Polychaeta";"Phyllodocida";"38101000.154";154;883;"Aphroditidae";0;0;0;NA;NA;NA;"Annelida"
"Annelida";"Polychaeta";"Sabellida";"39369000.3032";3032;130490;"Sabellidae";0;0;0;NA;NA;NA;"Annelida"
"Mollusca";"Bivalvia";"Veneroida";"103100000.431";431;141936;"Venus casina";0;0;0;NA;NA;NA;"Mollusca"
"Porifera";"Demospongiae";"Halichondrida";"15000590.12197";12197;NA;"Phakellia ventilabrum";0;0;0;NA;NA;NA;"Porifera"
"Arthropoda";"Malacostraca";"Decapoda";"162920100.855";855;107101;"Parapenaeus longirostris";0;0;0;NA;NA;NA;"Arthropoda"
"Mollusca";"Gastropoda";"Nudibranchia";"77821100.6138";6138;117302;"Dendronotus frondosus";0;0;0;NA;NA;NA;"Mollusca"
"Mollusca";"Gastropoda";"Nudibranchia";"77620000.7481";7481;10213;"Aeolidiella";0;0;0;NA;NA;NA;"Mollusca"
"Arthropoda";"Malacostraca";"Decapoda";"171900000.915";915;107682;"Processa nouveli holthuisi";0;0;0;NA;NA;NA;"Arthropoda"
"Arthropoda";"Malacostraca";"Decapoda";"179111000.966";966;106799;"Calocaris macandreae";0;0;0;NA;NA;NA;"Arthropoda"
"Annelida";"Polychaeta";"Eunicida";"38401110.3240";3240;126302;"Diopatra neapolitana";0;0;0;NA;NA;NA;"Annelida"
"Mollusca";"Cephalopoda";"Sepiolida";"112700000.475";475;141461;"Rondeletiola minor";0;0;0;NA;NA;NA;"Mollusca"
"Arthropoda";"Malacostraca";"Decapoda";"166500000.873";873;107581;"Pandalidae";0;0;0;NA;NA;NA;"Arthropoda"
"Echinodermata";"Ophiuroidea";"Ophiurida";"210333000.7675";7675;123189;"Ophiacantha brevispina";0;0;0;NA;NA;NA;"Echinodermata"
"Echinodermata";"Ophiuroidea";"Ophiurida";"209800300.4743";4743;117234;"Ophiocten affinis";0;0;0;NA;NA;NA;"Echinodermata"
"Mollusca";"Cephalopoda";"Sepiolida";"113600000.484";484;138482;"Sepietta neglecta";0;0;0;NA;NA;NA;"Mollusca"
"Arthropoda";"Malacostraca";"Decapoda";"173700000.930";930;107549;"Crangon";0;0;0;NA;NA;NA;"Arthropoda"
"Arthropoda";"Malacostraca";"Decapoda";"191700000.7278";7278;106685;"Portunoidea";0;0;0;NA;NA;NA;"Arthropoda"
"Arthropoda";"Malacostraca";"Decapoda";"190500000.1049";1049;106748;"Atelecyclus";0;0;0;NA;NA;NA;"Arthropoda"
"Arthropoda";"Malacostraca";"Decapoda";"197400000.2208";2208;368408;"Xantho pilipes";0;0;0;NA;NA;NA;"Arthropoda"
"Mollusca";"Cephalopoda";"Sepiolida";"113401000.7182";7182;856;"Sepiola tridens";0;0;0;NA;NA;NA;"Mollusca"
"Mollusca";"Scaphopoda";"Dentaliida";"110800000.462";462;NA;"Antalis entalis";0;0;0;NA;NA;NA;"Mollusca"
"Arthropoda";"Malacostraca";"Isopoda";"152251100.6875";6875;13800;"Astacilla";0;0;0;NA;NA;NA;"Arthropoda"
"Arthropoda";"Maxillopoda";"Lepadiformes";"143300000.4206";4206;555935;"Lepas";0;0;0;NA;NA;NA;"Arthropoda"
NA;NA;"Dendrochirotida";"213900200.1175";1175;124319;"Thyone fusus";0;0;0;NA;NA;NA;NA
"Echinodermata";"Asteroidea";"Paxillosida";"205011000.4123";4123;107068;"Luidia";0;0;0;NA;NA;NA;"Echinodermata"
"Mollusca";"Gastropoda";NA;"73000000.315";315;141861;"Opisthobranchia";0;0;0;NA;NA;NA;"Mollusca"
"Echinodermata";"Asteroidea";"Valvatida";"207300700.12046";12046;NA;"Odontaster mediterraneus";0;0;0;NA;NA;NA;"Echinodermata"
"Mollusca";"Bivalvia";"Arcoida";"81209165.3597";3597;140571;"Limopsis aurita";0;0;0;NA;NA;NA;"Mollusca"
"Echinodermata";"Ophiuroidea";"Ophiurida";"210200000.4417";4417;138758;"Ophiopholis aculeata";0;0;0;NA;NA;NA;"Echinodermata"
NA;NA;"Dendrochirotida";"213654000.7673";7673;377975;"Psolus phantapus";0;0;0;NA;NA;NA;NA
"Mollusca";"Gastropoda";"Pleurobranchomorpha";"75300000.4209";4209;106087;"Pleurobranchus membranaceus";0;0;0;NA;NA;NA;"Mollusca"
"Echinodermata";"Crinoidea";"Comatulida";"204110000.4510";4510;154286;"Antedon";0;0;0;NA;NA;NA;"Echinodermata"
"Mollusca";"Bivalvia";"Arcoida";"81209160.3596";3596;6072;"Limopsis";0;0;0;NA;NA;NA;"Mollusca"
NA;NA;NA;"12000000.3383";3383;159439;"Plantae";0;0;0;NA;NA;NA;NA
"Arthropoda";"Malacostraca";"Decapoda";"162100000.848";848;106725;"Aristaeomorpha foliacea";0;0;0;NA;NA;NA;"Arthropoda"
"Mollusca";"Cephalopoda";"Sepiida";"111300000.466";466;11723;"Sepia";0;0;0;NA;NA;NA;"Mollusca"
"Mollusca";"Bivalvia";"Veneroida";"96800000.395";395;140300;"Spisula solida";0;0;0;NA;NA;NA;"Mollusca"
"Mollusca";"Bivalvia";"Veneroida";"96500000.392";392;140297;"Mactra stultorum";0;0;0;NA;NA;NA;"Mollusca"
"Mollusca";"Gastropoda";"Littorinimorpha";"65300000.267";267;141;"Calyptraea chinensis";0;0;0;NA;NA;NA;"Mollusca"
"Mollusca";"Gastropoda";"Nudibranchia";"77267700.11779";11779;126323;"Rostanga rubra";0;0;0;NA;NA;NA;"Mollusca"
"Mollusca";"Cephalopoda";"Octopoda";"118700000.518";518;140604;"Scaeurgus unicirrhus";0;0;0;NA;NA;NA;"Mollusca"
"Cnidaria";"Anthozoa";"Zoantharia";"30011000.4512";4512;154284;"Epizoanthus";0;0;0;NA;NA;NA;"Cnidaria"
"Mollusca";"Gastropoda";"Nudibranchia";"77611100.4749";4749;140768;"Aeolidia papillosa";0;0;0;NA;NA;NA;"Mollusca"
"Mollusca";"Bivalvia";"Nuculida";"78600000.338";338;204;"Nucula";0;0;0;NA;NA;NA;"Mollusca"
"Chordata";"Actinopterygii";"Perciformes";"402400000.1749";1749;126969;"Ammodytes tobianus";0;0;0;NA;NA;NA;"Chordata"
"Mollusca";"Gastropoda";"Anaspidea";"73900000.3200";3200;103929;"Aplysia";0;0;0;NA;NA;NA;"Mollusca"
"Chordata";"Actinopterygii";"Osmeriformes";"274900000.1394";1394;127180;"Argentina sphyraena";0;0;0;NA;NA;NA;"Chordata"
"Chordata";"Actinopterygii";"Pleuronectiformes";"431200000.1972";1972;125576;"Arnoglossus imperialis";0;0;0;NA;NA;NA;"Chordata"
"Chordata";"Actinopterygii";"Pleuronectiformes";"431350000.1971";1971;154473;"Arnoglossus laterna";0;0;0;NA;NA;NA;"Chordata"
"Chordata";"Actinopterygii";"Beloniformes";"321400000.1488";1488;10319;"Belone belone";0;0;0;NA;NA;NA;"Chordata"
"Chordata";"Actinopterygii";"Pleuronectiformes";"437900000.2003";2003;127156;"Buglossidium";0;0;0;NA;NA;NA;"Chordata"
"Chordata";"Actinopterygii";"Pleuronectiformes";"438000000.2004";2004;126126;"Buglossidium luteum";0;0;0;NA;NA;NA;"Chordata"
"Chordata";"Actinopterygii";"Perciformes";"407200000.1811";1811;126930;"Callionymus lyra";0;0;0;NA;NA;NA;"Chordata"
"Chordata";"Actinopterygii";"Perciformes";"407300000.1812";1812;125522;"Callionymus maculatus";0;0;0;NA;NA;NA;"Chordata"
"Chordata";"Actinopterygii";"Perciformes";"407400000.1813";1813;125930;"Callionymus reticulatus";0;0;0;NA;NA;NA;"Chordata"
"Chordata";"Actinopterygii";"Perciformes";"425503050.1624";1624;127425;"Capros aper";0;0;0;NA;NA;NA;"Chordata"
"Chordata";"Actinopterygii";"Perciformes";"388900000.1654";1654;126858;"Cepola macrophthalma";0;0;0;NA;NA;NA;"Chordata"
"Mollusca";"Bivalvia";"Veneroida";"103700000.435";435;141907;"Chamelea striatula";0;0;0;NA;NA;NA;"Mollusca"
"Mollusca";"Gastropoda";"Littorinimorpha";"68600000.288";288;141115;"Charonia lampas";0;0;0;NA;NA;NA;"Mollusca"
"Chordata";"Actinopterygii";"Scorpaeniformes";"334700110.1912";1912;126180;"Chelidonichthys cuculus";0;0;0;NA;NA;NA;"Chordata"
"Chordata";"Actinopterygii";"Scorpaeniformes";"334700507.1921";1921;127265;"Chelidonichthys lucernus";0;0;0;NA;NA;NA;"Chordata"
"Chordata";"Actinopterygii";"Scorpaeniformes";"334700508.1913";1913;127266;"Chelidonichthys obscurus";0;0;0;NA;NA;NA;"Chordata"
"Mollusca";"Scaphopoda";NA;"110400000.460";460;137857;"Scaphopoda";0;0;0;NA;NA;NA;"Mollusca"
"Chordata";"Actinopterygii";"Clupeiformes";"261900000.1349";1349;126714;"Clupea harengus";0;0;0;NA;NA;NA;"Chordata"
"Chordata";"Actinopterygii";"Anguilliformes";"256300000.1467";1467;126308;"Conger conger";0;0;0;NA;NA;NA;"Chordata"
"Mollusca";"Bivalvia";"Ostreoida";"87812100.372";372;138297;"Crassostrea gigas";0;0;0;NA;NA;NA;"Mollusca"
"Chordata";"Actinopterygii";"Perciformes";"392800000.1735";1735;126957;"Ctenolabrus";0;0;0;NA;NA;NA;"Chordata"
"Chordata";"Actinopterygii";"Perciformes";"392900000.1736";1736;126018;"Ctenolabrus rupestris";0;0;0;NA;NA;NA;"Chordata"
"Chordata";"Actinopterygii";"Pleuronectiformes";"438200000.2006";2006;126127;"Dicologlossa cuneata";0;0;0;NA;NA;NA;"Chordata"
"Echinodermata";"Echinoidea";"Spatangoida";"213161000.3972";3972;204070;"Echinocardium";0;0;0;NA;NA;NA;"Echinodermata"
"Chordata";"Actinopterygii";"Perciformes";"403800000.1762";1762;127082;"Echiichthys vipera";0;0;0;NA;NA;NA;"Chordata"
"Chordata";"Actinopterygii";"Gadiformes";"306400000.1577";1577;125737;"Enchelyopus cimbrius";0;0;0;NA;NA;NA;"Chordata"
"Chordata";"Actinopterygii";"Clupeiformes";"266500000.1362";1362;126415;"Engraulis encrasicolus";0;0;0;NA;NA;NA;"Chordata"
"Chordata";"Actinopterygii";"Scorpaeniformes";"334700610.1920";1920;127264;"Eutrigla gurnardus";0;0;0;NA;NA;NA;"Chordata"
"Echinodermata";"Asteroidea";"Paxillosida";"205020000.2186";2186;123187;"Astropectinidae";0;0;0;NA;NA;NA;"Echinodermata"
"Porifera";"Demospongiae";"Halichondrida";"15000500.3391";3391;144132;"Axinellidae";0;0;0;NA;NA;NA;"Porifera"
"Chordata";"Actinopterygii";"Perciformes";"405100000.1816";1816;126795;"Blenniidae";0;0;0;NA;NA;NA;"Chordata"
"Chordata";"Actinopterygii";"Perciformes";"408500000.1782";1782;125920;"Gobiidae";0;0;0;NA;NA;NA;"Chordata"
"Arthropoda";"Malacostraca";"Decapoda";"178300000.959";959;107704;"Scyllaridae";0;0;0;NA;NA;NA;"Arthropoda"
"Echinodermata";"Holothuroidea";"Apodida";"216700000.3022";3022;140291;"Synaptidae";0;0;0;NA;NA;NA;"Echinodermata"
"Chordata";"Actinopterygii";"Gadiformes";"302800000.1544";1544;125469;"Gadiculus";0;0;0;NA;NA;NA;"Chordata"
"Chordata";"Actinopterygii";"Gadiformes";"302850000.1545";1545;125732;"Gadiculus argenteus";0;0;0;NA;NA;NA;"Chordata"
"Chordata";"Actinopterygii";"Gadiformes";"301900000.1543";1543;126484;"Gadus morhua";0;0;0;NA;NA;NA;"Chordata"
"Chordata";"Actinopterygii";"Gadiformes";"307000000.1581";1581;125743;"Gaidropsarus macrophthalmus";0;0;0;NA;NA;NA;"Chordata"
"Chordata";"Actinopterygii";"Gadiformes";"306800000.1580";1580;126450;"Gaidropsarus vulgaris";0;0;0;NA;NA;NA;"Chordata"
"Chordata";"Elasmobranchii";"Carcharhiniformes";"228700000.1254";1254;105801;"Galeorhinus galeus";0;0;0;NA;NA;NA;"Chordata"
"Chordata";"Actinopterygii";"Pleuronectiformes";"432900000.1980";1980;126120;"Glyptocephalus cynoglossus";0;0;0;NA;NA;NA;"Chordata"
"Chordata";"Actinopterygii";"Scorpaeniformes";"334115000.1905";1905;127253;"Helicolenus dactylopterus";0;0;0;NA;NA;NA;"Chordata"
"Mollusca";"Bivalvia";"[unassigned] Euheterodonta";"110322400.3655";3655;140021;"Hiatella arctica";0;0;0;NA;NA;NA;"Mollusca"
"Chordata";"Actinopterygii";"Perciformes";"402900000.1754";1754;125910;"Hyperoplus";0;0;0;NA;NA;NA;"Chordata"
"Chordata";"Actinopterygii";"Perciformes";"403000000.1755";1755;126753;"Hyperoplus lanceolatus";0;0;0;NA;NA;NA;"Chordata"
"Chordata";"Actinopterygii";"Perciformes";"392000000.1729";1729;127000;"Labrus mixtus";0;0;0;NA;NA;NA;"Chordata"
"Chordata";"Actinopterygii";"Pleuronectiformes";"427900000.1961";1961;106824;"Lepidorhombus boscii";0;0;0;NA;NA;NA;"Chordata"
"Chordata";"Actinopterygii";"Pleuronectiformes";"427800000.1960";1960;154473;"Lepidorhombus whiffiagonis";0;0;0;NA;NA;NA;"Chordata"
"Chordata";"Elasmobranchii";"Rajiformes";"240400000.1311";1311;105872;"Leucoraja naevus";0;0;0;NA;NA;NA;"Chordata"
"Mollusca";"Gastropoda";"Nudibranchia";"77815300.12828";12828;NA;"Lomanotus genei";0;0;0;NA;NA;NA;"Mollusca"
"Mollusca";"Gastropoda";"Nudibranchia";"77815600.12829";12829;NA;"Lomanotus marmoratus";0;0;0;NA;NA;NA;"Mollusca"
"Chordata";"Actinopterygii";"Lophiiformes";"314600000.2050";2050;125493;"Lophius budegassa";0;0;0;NA;NA;NA;"Chordata"
"Chordata";"Actinopterygii";"Lophiiformes";"314500000.2049";2049;10316;"Lophius piscatorius";0;0;0;NA;NA;NA;"Chordata"
"Arthropoda";"Malacostraca";"Decapoda";"199113400.1111";1111;106760;"Maja squinado";0;0;0;NA;NA;NA;"Arthropoda"
"Chordata";"Actinopterygii";"Gadiformes";"303100000.1549";1549;126074;"Melanogrammus aeglefinus";0;0;0;NA;NA;NA;"Chordata"
"Chordata";"Actinopterygii";"Gadiformes";"308700000.1540";1540;127442;"Merluccius merluccius";0;0;0;NA;NA;NA;"Chordata"
"Chordata";"Actinopterygii";"Gadiformes";"303300000.1551";1551;125733;"Merlangius merlangus";0;0;0;NA;NA;NA;"Chordata"
"Chordata";"Actinopterygii";"Gadiformes";"303600000.1553";1553;125734;"Micromesistius poutassou";0;0;0;NA;NA;NA;"Chordata"
"Chordata";"Actinopterygii";"Pleuronectiformes";"434000000.1988";1988;126117;"Microstomus kitt";0;0;0;NA;NA;NA;"Chordata"
"Chordata";"Actinopterygii";"Pleuronectiformes";"438800000.2011";2011;274303;"Microchirus variegatus";0;0;0;NA;NA;NA;"Chordata"
"Chordata";"Actinopterygii";"Gadiformes";"305800000.1566";1566;126448;"Molva molva";0;0;0;NA;NA;NA;"Chordata"
"Chordata";"Actinopterygii";"Perciformes";"384900001.1690";1690;125547;"Mullus surmuletus";0;0;0;NA;NA;NA;"Chordata"
"Chordata";"Elasmobranchii";"Carcharhiniformes";"228850000.1257";1257;105820;"Mustelus asterias";0;0;0;NA;NA;NA;"Chordata"
"Chordata";"Elasmobranchii";"Carcharhiniformes";"229200000.1256";1256;105731;"Mustelus mustelus";0;0;0;NA;NA;NA;"Chordata"
"Mollusca";"Bivalvia";"Nuculida";"78600100.7683";7683;148438;"Nucula nitidosa";0;0;0;NA;NA;NA;"Mollusca"
"Mollusca";"Bivalvia";"Nuculida";"78700000.4217";4217;1784;"Nucula sulcata";0;0;0;NA;NA;NA;"Mollusca"
"Mollusca";"Gastropoda";"Nudibranchia";"77345100.12831";12831;NA;"Okenia elegans";0;0;0;NA;NA;NA;"Mollusca"
"Chordata";"Cephalaspidomorphi";NA;"222900000.1212";1212;1829;"Petromyzon marinus";0;0;0;NA;NA;NA;"Chordata"
"Chordata";"Actinopterygii";"Pleuronectiformes";"428200000.1964";1964;127145;"Phrynorhombus norvegicus";0;0;0;NA;NA;NA;"Chordata"
"Chordata";"Actinopterygii";"Gadiformes";"307500000.1573";1573;126447;"Phycis blennoides";0;0;0;NA;NA;NA;"Chordata"
"Chordata";"Actinopterygii";"Pleuronectiformes";"434326000.1978";1978;127129;"Pleuronectes platessa";0;0;0;NA;NA;NA;"Chordata"
"Chordata";"Actinopterygii";"Gadiformes";"303800000.1555";1555;125735;"Pollachius pollachius";0;0;0;NA;NA;NA;"Chordata"
"Chordata";"Elasmobranchii";"Rajiformes";"238800000.1302";1302;105711;"Raja clavata";0;0;0;NA;NA;NA;"Chordata"
"Chordata";"Elasmobranchii";"Rajiformes";"239000000.1304";1304;367297;"Raja montagui";0;0;0;NA;NA;NA;"Chordata"
"Chordata";"Actinopterygii";"Clupeiformes";"262400000.1351";1351;125716;"Sardina pilchardus";0;0;0;NA;NA;NA;"Chordata"
"Chordata";"Actinopterygii";"Perciformes";"421623000.1772";1772;127089;"Scomber scombrus";0;0;0;NA;NA;NA;"Chordata"
"Chordata";"Elasmobranchii";"Carcharhiniformes";"227200000.1242";1242;105836;"Scyliorhinus canicula";0;0;0;NA;NA;NA;"Chordata"
"Chordata";"Actinopterygii";"Pleuronectiformes";"437100000.1996";1996;127139;"Solea solea";0;0;0;NA;NA;NA;"Chordata"
"Chordata";"Actinopterygii";"Gasterosteiformes";"330700000.1519";1519;125775;"Spinachia spinachia";0;0;0;NA;NA;NA;"Chordata"
"Chordata";"Actinopterygii";"Clupeiformes";"263200000.1356";1356;126422;"Sprattus sprattus";0;0;0;NA;NA;NA;"Chordata"
"Chordata";"Actinopterygii";"Perciformes";"393600000.1738";1738;126020;"Symphodus melops";0;0;0;NA;NA;NA;"Chordata"
"Chordata";"Elasmobranchii";"Torpediniformes";"237800000.1297";1297;105718;"Torpedo marmorata";0;0;0;NA;NA;NA;"Chordata"
"Chordata";"Elasmobranchii";"Torpediniformes";"237820000.1298";1298;105784;"Torpedo nobiliana";0;0;0;NA;NA;NA;"Chordata"
"Chordata";"Actinopterygii";"Perciformes";"358400000.1662";1662;126803;"Trachurus trachurus";0;0;0;NA;NA;NA;"Chordata"
"Chordata";"Actinopterygii";"Perciformes";"403400000.1759";1759;126755;"Trachinus draco";0;0;0;NA;NA;NA;"Chordata"
"Chordata";"Actinopterygii";"Scorpaeniformes";"334708065.1922";1922;126178;"Trigloporus lastoviza";0;0;0;NA;NA;NA;"Chordata"
"Chordata";"Actinopterygii";"Scorpaeniformes";"334707045.1910";1910;127240;"Trigla lyra";0;0;0;NA;NA;NA;"Chordata"
"Chordata";"Actinopterygii";"Gadiformes";"304300000.1560";1560;125739;"Trisopterus luscus";0;0;0;NA;NA;NA;"Chordata"
"Chordata";"Actinopterygii";"Gadiformes";"304100000.1558";1558;126440;"Trisopterus minutus";0;0;0;NA;NA;NA;"Chordata"
"Chordata";"Actinopterygii";"Perciformes";"381400000.1683";1683;126052;"Umbrina canariensis";0;0;0;NA;NA;NA;"Chordata"
"Arthropoda";"Malacostraca";"Decapoda";"180900000.980";980;107741;"Upogebia stellata";0;0;0;NA;NA;NA;"Arthropoda"
"Chordata";"Actinopterygii";"Pleuronectiformes";"428400000.1966";1966;236488;"Zeugopterus punctatus";0;0;0;NA;NA;NA;"Chordata"
"Chordata";"Actinopterygii";"Zeiformes";"328900000.1619";1619;10919;"Zeus faber";0;0;0;NA;NA;NA;"Chordata"
